City_ID,City,Country,Date,Lat,Lng,Max Temp,Humidity,Cloudiness,Wind Speed
0,Hilo,US,2022-02-06 04:39:09,19.7297,-155.09,71.8,94,39,3.0
1,Puerto Ayora,EC,2022-02-06 04:43:58,-0.7393,-90.3518,75.54,92,28,1.99
2,Mount Gambier,AU,2022-02-06 04:43:59,-37.8333,140.7667,84.11,21,75,6.91
3,Borgarnes,IS,2022-02-06 04:43:59,64.5383,-21.9206,32.05,81,87,14.79
4,Kudahuvadhoo,MV,2022-02-06 04:44:00,2.6708,72.8944,81.52,69,22,8.57
5,French Harbor,HN,2022-02-06 04:44:00,16.35,-86.4333,75.2,88,40,3.44
6,Mataura,NZ,2022-02-06 04:44:01,-46.1927,168.8643,57.47,41,9,5.5
7,Cabedelo,BR,2022-02-06 04:44:01,-6.9811,-34.8339,77.67,74,74,8.52
8,Sinop,TR,2022-02-06 04:44:02,41.7711,34.8709,28.83,78,94,10.36
9,Avarua,CK,2022-02-06 04:40:45,-21.2078,-159.775,80.65,83,20,14.97
10,Busselton,AU,2022-02-06 04:44:03,-33.65,115.3333,78.04,58,88,13.47
11,Port Hardy,CA,2022-02-06 04:42:21,50.6996,-127.4199,42.98,87,100,2.3
12,Lebu,CL,2022-02-06 04:44:04,-37.6167,-73.65,57.02,89,0,14.27
13,Laguna,US,2022-02-06 04:44:04,38.421,-121.4238,54.1,74,0,0.0
14,Kodiak,US,2022-02-06 04:44:05,57.79,-152.4072,38.71,87,100,12.66
15,Khatanga,RU,2022-02-06 04:44:05,71.9667,102.5,-20.72,98,99,7.38
16,Zenzeli,RU,2022-02-06 04:44:06,45.9241,47.0474,28.58,75,28,12.55
17,Minab,IR,2022-02-06 04:44:06,27.1467,57.0801,68.32,83,20,0.0
18,Butaritari,KI,2022-02-06 04:44:07,3.0707,172.7902,82.58,76,96,17.2
19,Barrow,US,2022-02-06 04:42:32,71.2906,-156.7887,-21.98,69,0,9.22
20,Jamestown,US,2022-02-06 04:40:18,42.097,-79.2353,14.72,63,0,5.75
21,Yellowknife,CA,2022-02-06 04:44:08,62.456,-114.3525,-19.68,76,0,6.91
22,Tuatapere,NZ,2022-02-06 04:44:08,-46.1333,167.6833,57.81,49,20,8.23
23,Huaihua,CN,2022-02-06 04:44:09,27.5494,109.9592,40.01,90,100,5.12
24,Rikitea,PF,2022-02-06 04:44:09,-23.1203,-134.9692,79.3,70,83,15.61
25,Kurchum,KZ,2022-02-06 04:41:17,48.5722,83.6542,26.1,50,0,17.27
26,Djambala,CG,2022-02-06 04:44:11,-2.5447,14.7533,70.21,83,97,2.17
27,Katsuura,JP,2022-02-06 04:44:11,35.1333,140.3,46.11,29,49,5.91
28,Nikolskoye,RU,2022-02-06 04:44:11,59.7035,30.7861,26.87,97,99,5.06
29,Verkhnevilyuysk,RU,2022-02-06 04:44:12,63.4453,120.3167,-5.01,95,87,3.02
30,Moussoro,TD,2022-02-06 04:44:12,13.6408,16.4901,57.76,21,0,14.97
31,Ribeira Grande,PT,2022-02-06 04:44:13,38.5167,-28.7,59.63,76,6,11.03
32,East London,ZA,2022-02-06 04:44:13,-33.0153,27.9116,67.14,94,0,8.05
33,Comodoro Rivadavia,AR,2022-02-06 04:44:14,-45.8667,-67.5,64.26,52,0,2.3
34,San Jose De Guanipa,VE,2022-02-06 04:44:14,8.8872,-64.1651,74.97,76,93,12.17
35,Bowen,AU,2022-02-06 04:44:15,-20.0167,148.2333,80.82,62,28,19.28
36,Asau,RO,2022-02-06 04:44:15,46.4333,26.4,22.28,89,33,6.87
37,Pevek,RU,2022-02-06 04:44:16,69.7008,170.3133,-26.7,99,27,2.44
38,Knysna,ZA,2022-02-06 04:44:17,-34.0363,23.0471,62.98,71,0,5.97
39,Ushuaia,AR,2022-02-06 04:44:07,-54.8,-68.3,49.66,71,20,12.66
40,Batangafo,CF,2022-02-06 04:44:17,7.3008,18.2833,65.34,26,100,4.14
41,Torbay,CA,2022-02-06 04:44:18,47.6666,-52.7314,35.76,96,100,9.22
42,Albany,US,2022-02-06 04:42:25,42.6001,-73.9662,8.47,71,6,3.76
43,Bluff,NZ,2022-02-06 04:44:19,-46.6,168.3333,57.79,58,6,12.97
44,Mar Del Plata,AR,2022-02-06 04:44:19,-38.0023,-57.5575,59.09,86,75,8.99
45,Sitka,US,2022-02-06 04:44:20,57.0531,-135.33,42.69,81,100,24.16
46,Katherine,AU,2022-02-06 04:44:20,-14.4667,132.2667,88.12,58,94,6.91
47,Cape Town,ZA,2022-02-06 04:40:52,-33.9258,18.4232,72.12,88,0,2.3
48,Mount Isa,AU,2022-02-06 04:44:21,-20.7333,139.5,92.97,27,40,5.75
49,Itarema,BR,2022-02-06 04:44:22,-2.9248,-39.9167,77.0,89,10,8.39
50,Maniitsoq,GL,2022-02-06 04:44:22,65.4167,-52.9,2.88,94,100,6.58
51,Hobart,AU,2022-02-06 04:42:32,-42.8794,147.3294,78.03,36,20,17.27
52,Taunggyi,MM,2022-02-06 04:44:23,20.7833,97.0333,68.88,34,9,13.56
53,Cortez,US,2022-02-06 04:44:23,37.3489,-108.5859,25.7,53,0,5.75
54,Bukama,CD,2022-02-06 04:44:24,-9.2,25.85,66.72,98,95,0.92
55,Tugolesskiy Bor,RU,2022-02-06 04:44:24,55.5505,39.8242,-1.77,100,100,5.19
56,Aqtobe,KZ,2022-02-06 04:39:56,50.2797,57.2072,21.29,86,100,4.47
57,Elliot Lake,CA,2022-02-06 04:44:25,46.3834,-82.6331,21.29,95,100,9.66
58,Portland,US,2022-02-06 04:43:32,45.5234,-122.6762,44.94,90,0,1.01
59,Palaikastron,GR,2022-02-06 04:44:26,35.2,26.25,54.28,68,17,3.09
60,Inhambane,MZ,2022-02-06 04:44:26,-23.865,35.3833,78.26,80,56,17.6
61,Palu,ID,2022-02-06 04:44:27,-0.8917,119.8707,88.68,62,100,3.44
62,Vega De Alatorre,MX,2022-02-06 04:44:27,20.0333,-96.6333,53.65,70,45,6.31
63,Gualaquiza,EC,2022-02-06 04:44:28,-3.4,-78.55,62.76,98,100,1.1
64,Muana,BR,2022-02-06 04:44:28,-1.5283,-49.2167,74.68,96,100,3.18
65,Tura,IN,2022-02-06 04:44:29,25.5198,90.2201,64.87,53,0,1.01
66,Severo-Kurilsk,RU,2022-02-06 04:44:29,50.6789,156.125,29.01,77,82,16.58
67,Kapaa,US,2022-02-06 04:44:30,22.0752,-159.319,75.18,79,0,11.5
68,Miranda,CO,2022-02-06 04:44:30,3.2499,-76.2281,69.93,91,88,2.57
69,Micheldorf,AT,2022-02-06 04:44:31,46.9222,14.4405,21.0,89,61,2.42
70,Arawa,PG,2022-02-06 04:44:31,-6.2132,155.5367,86.16,71,40,6.85
71,Waingapu,ID,2022-02-06 04:44:32,-9.6567,120.2641,87.12,64,82,12.26
72,Yerkoy,TR,2022-02-06 04:44:32,39.6381,34.4672,14.0,93,53,3.47
73,Chuy,UY,2022-02-06 04:44:33,-33.6971,-53.4616,61.41,93,15,7.87
74,Kavieng,PG,2022-02-06 04:43:49,-2.5744,150.7967,83.5,74,100,9.93
75,Punta Arenas,CL,2022-02-06 04:44:33,-53.15,-70.9167,50.11,66,40,8.05
76,Port Elizabeth,ZA,2022-02-06 04:44:34,-33.918,25.5701,68.09,88,0,13.8
77,Hasaki,JP,2022-02-06 04:44:34,35.7333,140.8333,48.29,27,14,15.77
78,Tasiilaq,GL,2022-02-06 04:44:35,65.6145,-37.6368,17.76,62,97,6.24
79,Monforte De Lemos,ES,2022-02-06 04:44:35,42.5216,-7.5142,39.58,95,37,1.79
80,Pasighat,IN,2022-02-06 04:44:36,28.0667,95.3333,62.38,70,92,2.86
81,Kenai,US,2022-02-06 04:44:36,60.5544,-151.2583,28.49,93,100,13.8
82,Arman,RU,2022-02-06 04:44:37,59.7,150.1667,10.06,76,21,9.55
83,Silleda,ES,2022-02-06 04:44:38,42.696,-8.2465,39.65,93,36,2.86
84,Bathsheba,BB,2022-02-06 04:44:38,13.2167,-59.5167,77.61,73,40,11.5
85,Arraial Do Cabo,BR,2022-02-06 04:42:02,-22.9661,-42.0278,75.85,89,82,24.7
86,Kulunda,RU,2022-02-06 04:44:39,52.566,78.9385,8.04,81,8,6.64
87,Hermanus,ZA,2022-02-06 04:42:22,-34.4187,19.2345,71.91,79,79,7.18
88,Astana,KZ,2022-02-06 04:41:13,51.1801,71.446,8.55,56,0,8.95
89,Caravelas,BR,2022-02-06 04:44:40,-17.7125,-39.2481,73.96,93,12,3.78
90,Aquiraz,BR,2022-02-06 04:44:40,-3.9014,-38.3911,82.18,81,19,6.53
91,Ilulissat,GL,2022-02-06 04:44:41,69.2167,-51.1,1.42,51,100,13.8
92,Trincomalee,LK,2022-02-06 04:44:41,8.5711,81.2335,80.69,63,43,10.11
93,Port Alfred,ZA,2022-02-06 04:44:42,-33.5906,26.891,71.78,85,35,23.94
94,Dikson,RU,2022-02-06 04:44:42,73.5069,80.5464,-22.31,100,99,4.85
95,Airai,TL,2022-02-06 04:44:43,-8.9266,125.4092,72.66,70,65,3.06
96,Saint-Pierre,RE,2022-02-06 04:44:43,-21.3393,55.4781,83.88,70,0,5.75
97,Qaanaaq,GL,2022-02-06 04:44:44,77.484,-69.3632,-1.93,97,100,2.3
98,Sumenep,ID,2022-02-06 04:44:44,-7.0167,113.8667,81.36,82,95,13.42
99,Krk,HR,2022-02-06 04:44:45,45.0258,14.5731,44.51,73,9,4.05
100,Aklavik,CA,2022-02-06 04:42:18,68.2191,-135.0107,-28.37,87,84,5.35
101,Atuona,PF,2022-02-06 04:42:25,-9.8,-139.0333,78.57,79,45,23.6
102,Sandeid,NO,2022-02-06 04:44:46,59.5449,5.8636,39.11,84,100,15.3
103,Puerto Baquerizo Moreno,EC,2022-02-06 04:44:46,-0.9,-89.6,73.92,84,56,9.69
104,Palmer,US,2022-02-06 04:44:47,42.1584,-72.3287,16.41,57,0,10.36
105,Thompson,CA,2022-02-06 04:44:47,55.7435,-97.8558,-27.24,75,20,0.0
106,Georgetown,MY,2022-02-06 04:44:48,5.4112,100.3354,89.53,73,20,1.01
107,Khuzhir,RU,2022-02-06 04:44:48,53.1939,107.3397,23.09,87,100,12.77
108,Klaksvik,FO,2022-02-06 04:43:56,62.2266,-6.589,32.92,67,100,23.51
109,Bud,US,2022-02-06 04:44:49,39.447,-86.1758,17.85,93,9,5.99
110,Victoria,HK,2022-02-06 04:41:18,22.2855,114.1577,66.96,72,100,1.99
111,Lazurne,UA,2022-02-06 04:44:50,46.084,32.5295,32.02,86,71,17.69
112,Adelaide,AU,2022-02-06 04:44:47,-34.9333,138.6,90.41,20,0,1.99
113,Ladario,BR,2022-02-06 04:44:51,-19.0047,-57.6017,72.73,95,80,0.51
114,Lavrentiya,RU,2022-02-06 04:44:51,65.5833,-171.0,-17.21,94,28,10.76
115,Grindavik,IS,2022-02-06 04:44:52,63.8424,-22.4338,31.95,74,75,19.57
116,Bulgan,MN,2022-02-06 04:44:53,48.8125,103.5347,11.64,66,15,2.06
117,New Norfolk,AU,2022-02-06 04:42:27,-42.7826,147.0587,77.67,32,0,3.0
118,Henties Bay,NA,2022-02-06 04:44:53,-22.116,14.2845,66.85,79,97,4.52
119,Narasannapeta,IN,2022-02-06 04:44:54,18.4167,84.05,76.44,49,54,7.05
120,Maldonado,UY,2022-02-06 04:44:54,-34.6667,-54.9167,63.79,87,93,11.1
121,Taldan,RU,2022-02-06 04:44:55,53.6667,124.8,10.85,52,100,6.76
122,Yishui,CN,2022-02-06 04:44:55,35.7847,118.6281,39.58,20,100,2.77
123,Provideniya,RU,2022-02-06 04:44:56,64.3833,-173.3,-3.82,76,0,12.8
124,Cidreira,BR,2022-02-06 04:44:57,-30.1811,-50.2056,72.14,91,78,6.76
125,Tuktoyaktuk,CA,2022-02-06 04:44:57,69.4541,-133.0374,-31.0,68,0,11.5
126,Alyangula,AU,2022-02-06 04:44:57,-13.8483,136.4192,76.87,94,75,9.22
127,Chicama,PE,2022-02-06 04:44:58,-7.8447,-79.1469,64.94,81,62,4.5
128,Tautira,PF,2022-02-06 04:44:58,-17.7333,-149.15,86.0,75,52,19.39
129,Svetlyy,RU,2022-02-06 04:44:59,54.675,20.1347,37.45,93,100,21.63
130,Wuda,CN,2022-02-06 04:44:59,39.4994,106.7117,24.93,20,100,7.11
131,Port-Gentil,GA,2022-02-06 04:45:00,-0.7193,8.7815,78.71,81,15,9.13
132,Pak Chong,TH,2022-02-06 04:45:00,14.708,101.4161,83.8,43,65,8.23
133,Saint-Philippe,RE,2022-02-06 04:45:01,-21.3585,55.7679,83.79,82,100,20.0
134,Sinnamary,GF,2022-02-06 04:43:50,5.3833,-52.95,76.71,88,100,7.99
135,Arlit,NE,2022-02-06 04:42:34,18.7369,7.3853,57.56,19,0,9.33
136,Havre-Saint-Pierre,CA,2022-02-06 04:45:02,50.2334,-63.5986,3.79,55,0,5.75
137,Komsomolskiy,UZ,2022-02-06 04:45:02,40.4272,71.7189,43.52,26,100,9.22
138,Buta,CD,2022-02-06 04:45:03,2.7858,24.73,64.0,47,94,1.79
139,Whitehorse,CA,2022-02-06 04:45:03,60.7161,-135.0538,29.17,94,100,17.0
140,Muros,ES,2022-02-06 04:45:04,42.7762,-9.0603,45.23,83,40,10.96
141,Shingu,JP,2022-02-06 04:45:04,33.7333,135.9833,41.99,47,87,15.21
142,Bambous Virieux,MU,2022-02-06 04:45:05,-20.3428,57.7575,81.21,83,75,13.8
143,Aguilas,ES,2022-02-06 04:45:05,37.4063,-1.5829,56.21,83,99,8.81
144,Korla,CN,2022-02-06 04:45:06,41.7597,86.1469,27.99,37,98,10.38
145,Jardim De Piranhas,BR,2022-02-06 04:45:06,-6.3786,-37.3519,77.59,72,100,8.32
146,Hithadhoo,MV,2022-02-06 04:45:07,-0.6,73.0833,82.13,73,5,10.29
147,Bilibino,RU,2022-02-06 04:45:08,68.0546,166.4372,-15.48,83,30,4.61
148,Monrovia,LR,2022-02-06 04:44:16,6.3005,-10.7969,76.77,84,9,3.38
149,Yumen,CN,2022-02-06 04:45:08,40.2833,97.2,18.86,55,100,19.86
150,Haines Junction,CA,2022-02-06 04:45:09,60.7522,-137.5108,26.55,93,100,1.14
151,Souillac,MU,2022-02-06 04:45:09,-20.5167,57.5167,81.36,83,75,13.8
152,Mahebourg,MU,2022-02-06 04:45:10,-20.4081,57.7,81.25,83,75,13.8
153,Saskylakh,RU,2022-02-06 04:45:03,71.9167,114.0833,-26.21,100,98,2.86
154,Port Macquarie,AU,2022-02-06 04:40:22,-31.4333,152.9167,67.96,58,73,16.55
155,Chabahar,IR,2022-02-06 04:45:11,25.2919,60.643,72.79,71,0,2.21
156,Never,FR,2022-02-06 04:45:12,46.9896,3.159,38.95,93,89,8.79
157,Sao Filipe,CV,2022-02-06 04:45:12,14.8961,-24.4956,71.64,74,0,8.95
158,Adrar,MR,2022-02-06 04:45:13,20.5022,-10.0711,61.27,9,0,9.22
159,Xuanwu,CN,2022-02-06 04:45:13,32.069,118.8138,40.95,30,100,8.97
160,Carnarvon,AU,2022-02-06 04:45:14,-24.8667,113.6333,84.27,65,75,16.11
161,Baker City,US,2022-02-06 04:45:14,44.7749,-117.8344,25.32,92,0,0.0
162,Achit,RU,2022-02-06 04:45:15,56.7985,57.8994,15.03,92,100,6.17
163,Hamilton,US,2022-02-06 04:42:40,39.1834,-84.5333,18.55,89,0,0.0
164,Port Moresby,PG,2022-02-06 04:45:15,-9.4431,147.1797,89.02,58,75,11.5
165,Faanui,PF,2022-02-06 04:45:16,-16.4833,-151.75,80.58,76,33,19.01
166,Panaba,MX,2022-02-06 04:45:16,21.2833,-88.2667,68.29,93,65,5.99
167,Bredasdorp,ZA,2022-02-06 04:45:17,-34.5322,20.0403,69.28,88,71,4.61
168,Cap Malheureux,MU,2022-02-06 04:45:17,-19.9842,57.6142,81.46,75,100,13.0
169,Baykit,RU,2022-02-06 04:45:18,61.67,96.37,10.2,88,80,5.14
170,Evensk,RU,2022-02-06 04:45:18,61.95,159.2333,12.58,53,31,15.9
171,Piacabucu,BR,2022-02-06 04:45:19,-10.4056,-36.4344,76.73,82,74,5.86
172,Saint George,US,2022-02-06 04:44:04,37.1041,-113.5841,45.79,31,0,4.0
173,Charyshskoye,RU,2022-02-06 04:45:20,51.3978,83.5598,24.19,67,1,3.24
174,Husavik,IS,2022-02-06 04:45:21,66.0449,-17.3389,28.31,91,100,20.8
175,Plouzane,FR,2022-02-06 04:45:21,48.3833,-4.6167,51.98,87,100,19.57
176,Vardo,NO,2022-02-06 04:45:22,70.3705,31.1107,26.89,79,100,28.77
177,Dalianwan,CN,2022-02-06 04:45:23,39.0286,121.695,33.84,29,0,8.95
178,Ancud,CL,2022-02-06 04:45:23,-41.8697,-73.8203,56.73,89,79,2.82
179,Mitsamiouli,KM,2022-02-06 04:45:24,-11.3847,43.2844,77.29,88,20,5.75
180,Mathathane,BW,2022-02-06 04:45:24,-22.2687,28.7495,70.21,70,4,13.94
181,Ogaminana,NG,2022-02-06 04:45:25,7.5946,6.2248,71.19,23,5,1.66
182,Quatre Cocos,MU,2022-02-06 04:45:25,-20.2078,57.7625,81.09,77,100,14.38
183,Longyearbyen,SJ,2022-02-06 04:43:31,78.2186,15.6401,12.04,67,20,18.41
184,Hvide Sande,DK,2022-02-06 04:45:26,56.0045,8.1294,41.29,81,95,21.16
185,Vaini,TO,2022-02-06 04:45:27,-21.2,-175.2,77.16,94,100,13.8
186,Chippewa Falls,US,2022-02-06 04:45:01,44.9369,-91.3929,24.98,71,100,0.0
187,Flinders,AU,2022-02-06 04:45:27,-34.5833,150.8552,74.21,71,90,15.39
188,Miedzyrzec Podlaski,PL,2022-02-06 04:45:28,51.9864,22.7825,32.58,84,83,15.35
189,Narsaq,GL,2022-02-06 04:45:28,60.9167,-46.05,3.42,70,100,4.99
190,Mehamn,NO,2022-02-06 04:45:29,71.0357,27.8492,23.4,85,76,20.94
191,Kahului,US,2022-02-06 04:45:29,20.8947,-156.47,75.22,75,20,21.85
192,Denpasar,ID,2022-02-06 04:45:30,-8.65,115.2167,87.46,70,20,8.05
193,Kahuta,PK,2022-02-06 04:45:30,33.5913,73.3868,50.85,41,89,2.26
194,Muzaffarpur,IN,2022-02-06 04:45:31,26.1167,85.4,55.33,65,0,3.91
195,Lentekhi,GE,2022-02-06 04:45:31,42.7856,42.7261,13.95,77,24,7.67
196,Porbandar,IN,2022-02-06 04:45:32,21.6422,69.6093,69.78,68,0,0.0
197,Qom,IR,2022-02-06 04:45:32,34.6401,50.8764,43.23,53,0,8.37
198,Semey,KZ,2022-02-06 04:43:03,50.4111,80.2275,-0.18,78,1,6.71
199,Cuamba,MZ,2022-02-06 04:45:33,-14.8031,36.5372,68.81,93,13,4.81
200,Bengkulu,ID,2022-02-06 04:40:43,-3.8004,102.2655,77.02,86,100,11.59
201,Codrington,AU,2022-02-06 04:45:34,-38.2667,141.9667,75.06,50,43,19.57
202,Tongzi,CN,2022-02-06 04:45:34,28.7829,105.0877,44.1,92,100,2.57
203,Caborca,MX,2022-02-06 04:45:35,30.5838,-111.101,54.3,22,60,2.04
204,Olathe,US,2022-02-06 04:43:38,38.8814,-94.8191,34.92,61,0,3.0
205,Fuzhou,CN,2022-02-06 04:42:03,26.0614,119.3061,48.09,78,100,3.98
206,Areosa,PT,2022-02-06 04:45:36,41.7178,-8.8571,48.24,72,26,4.88
207,Uralets,RU,2022-02-06 04:45:36,57.6614,59.6497,10.15,97,100,6.76
208,Mackay,AU,2022-02-06 04:45:37,-21.15,149.2,82.69,73,40,14.97
209,Rakiv Lis,UA,2022-02-06 04:45:37,51.6217,24.9243,29.57,91,79,11.74
210,Derzhavinsk,KZ,2022-02-06 04:41:15,51.1,66.3167,12.94,73,100,15.75
211,Sovetskiy,RU,2022-02-06 04:45:38,61.3614,63.5842,8.13,96,66,6.91
212,Coquimbo,CL,2022-02-06 04:45:38,-29.9533,-71.3436,62.33,88,100,0.0
213,Matara,LK,2022-02-06 04:45:39,5.9485,80.5353,85.33,54,55,7.07
214,Nanortalik,GL,2022-02-06 04:45:39,60.1432,-45.2371,9.88,59,100,13.78
215,Tuy Hoa,VN,2022-02-06 04:45:40,13.0833,109.3,73.96,91,100,11.63
216,Cayenne,GF,2022-02-06 04:45:40,4.9333,-52.3333,80.1,86,100,3.0
217,Malaya Vishera,RU,2022-02-06 04:45:41,58.8454,32.2222,22.03,96,100,5.23
218,Rio Grande,BR,2022-02-06 04:45:42,-32.035,-52.0986,68.95,81,1,14.05
219,Dickinson,US,2022-02-06 04:45:42,29.4608,-95.0513,42.75,75,0,4.61
220,Sabang,ID,2022-02-06 04:45:43,5.8933,95.3214,82.29,74,71,13.18
221,Chumikan,RU,2022-02-06 04:45:43,54.7183,135.315,6.19,67,95,10.6
222,Tual,ID,2022-02-06 04:45:44,-5.6667,132.75,83.66,73,88,8.1
223,Vao,NC,2022-02-06 04:45:44,-22.6667,167.4833,81.12,82,37,10.04
224,Broome,US,2022-02-06 04:45:45,42.2506,-75.833,3.97,68,17,1.01
225,Vila Velha,BR,2022-02-06 04:45:45,-20.3297,-40.2925,75.94,84,0,4.61
226,Krasnyy Chikoy,RU,2022-02-06 04:45:46,50.3643,108.7512,15.6,82,100,3.2
227,Port Lincoln,AU,2022-02-06 04:45:47,-34.7333,135.8667,79.38,43,6,18.01
228,Rochegda,RU,2022-02-06 04:45:47,62.8,43.25,8.33,94,89,7.2
229,Bubaque,GW,2022-02-06 04:45:48,11.2833,-15.8333,77.45,61,1,8.21
230,Plettenberg Bay,ZA,2022-02-06 04:45:48,-34.0527,23.3716,69.3,71,0,5.61
231,Flagstaff,US,2022-02-06 04:41:25,35.1981,-111.6513,35.26,30,0,10.36
232,Kingseat,GB,2022-02-06 04:45:49,56.0974,-3.4084,38.75,86,40,8.99
233,Wajir,KE,2022-02-06 04:45:50,1.7471,40.0573,75.99,72,49,14.0
234,Litovko,RU,2022-02-06 04:45:50,49.2361,135.1742,3.9,85,99,2.01
235,Kruisfontein,ZA,2022-02-06 04:45:51,-34.0033,24.7314,65.88,85,19,8.23
236,Gizo,SB,2022-02-06 04:45:51,-8.103,156.8419,86.32,69,100,11.25
237,Chokurdakh,RU,2022-02-06 04:45:52,70.6333,147.9167,-33.32,100,100,2.64
238,Bishop Auckland,GB,2022-02-06 04:45:52,54.6555,-1.6771,43.86,83,73,1.99
239,Upernavik,GL,2022-02-06 04:45:53,72.7868,-56.1549,-1.97,97,100,4.27
240,Kupang,ID,2022-02-06 04:45:53,-10.1667,123.5833,84.36,73,77,14.03
241,Leningradskiy,RU,2022-02-06 04:43:45,69.3833,178.4167,-22.34,97,13,3.51
242,Poum,NC,2022-02-06 04:45:54,-20.2333,164.0167,78.13,91,100,10.83
243,Iqaluit,CA,2022-02-06 04:43:45,63.7506,-68.5145,-36.31,73,0,5.99
244,Lagos,NG,2022-02-06 04:42:01,6.5833,3.75,77.32,95,2,1.3
245,Arroyo,ES,2022-02-06 04:45:55,41.6096,-4.7969,31.59,88,0,4.61
246,Olafsvik,IS,2022-02-06 04:45:55,64.8945,-23.7142,29.19,69,89,26.46
247,Marzuq,YE,2022-02-06 04:45:56,14.4,46.4667,68.85,23,37,6.55
248,North Bend,US,2022-02-06 04:45:56,43.4065,-124.2243,46.92,100,0,4.61
249,San Lorenzo,PY,2022-02-06 04:45:57,-25.3333,-57.5333,76.14,73,0,6.91
250,Coahuayana,MX,2022-02-06 04:45:20,18.7333,-103.6833,67.5,87,5,3.06
251,Namibe,AO,2022-02-06 04:45:58,-15.1961,12.1522,71.17,68,94,7.11
252,Cherskiy,RU,2022-02-06 04:45:58,68.75,161.3,-30.57,99,23,1.77
253,Zaraza,VE,2022-02-06 04:45:59,9.3503,-65.3245,75.2,81,57,8.57
254,Broken Hill,AU,2022-02-06 04:45:59,-31.95,141.4333,83.91,23,75,19.57
255,Savannah Bight,HN,2022-02-06 04:46:00,16.45,-85.85,78.44,68,42,5.32
256,Castro,BR,2022-02-06 04:46:00,-24.7911,-50.0119,62.64,98,98,3.8
257,Chapais,CA,2022-02-06 04:46:01,49.7834,-74.8492,-20.42,100,48,3.22
258,Jumla,NP,2022-02-06 04:46:01,29.2747,82.1838,48.74,25,0,3.87
259,Paso De Carrasco,UY,2022-02-06 04:46:02,-34.8603,-56.0522,66.25,88,100,20.71
260,Bolitoc,PH,2022-02-06 04:46:02,15.7395,119.8769,84.76,55,13,5.3
261,Calvinia,ZA,2022-02-06 04:46:03,-31.4707,19.776,76.59,34,3,4.27
262,Reconquista,AR,2022-02-06 04:46:03,-29.15,-59.65,67.42,59,10,9.33
263,Bafra,TR,2022-02-06 04:46:04,41.5678,35.9069,37.18,62,100,9.24
264,Port Augusta,AU,2022-02-06 04:46:04,-32.5,137.7667,92.71,15,91,10.27
265,Flin Flon,CA,2022-02-06 04:46:05,54.7682,-101.865,-4.25,99,100,3.24
266,Fairbanks,US,2022-02-06 04:46:06,64.8378,-147.7164,8.82,82,100,3.44
267,Kushima,JP,2022-02-06 04:46:06,31.4583,131.2333,48.24,41,63,12.8
268,Curup,ID,2022-02-06 04:46:07,-3.4667,102.5333,70.86,94,100,3.91
269,Ponta Do Sol,PT,2022-02-06 04:42:34,32.6667,-17.1,66.13,53,56,13.47
270,Svetlogorsk,BY,2022-02-06 04:46:07,52.6333,29.7333,29.91,92,97,11.63
271,Anloga,GH,2022-02-06 04:46:08,5.7947,0.8973,79.02,84,13,4.68
272,Brokopondo,SR,2022-02-06 04:46:08,4.75,-55.1667,75.24,92,100,7.76
273,Chemal,RU,2022-02-06 04:46:09,51.4111,86.005,16.77,69,4,6.78
274,Griffith,US,2022-02-06 04:46:09,41.5284,-87.4237,18.03,65,0,7.0
275,Kloulklubed,PW,2022-02-06 04:46:10,7.0419,134.2556,84.7,79,42,20.89
276,Geraldton,AU,2022-02-06 04:46:10,-28.7667,114.6,81.01,57,100,19.57
277,Kavaratti,IN,2022-02-06 04:46:11,10.5669,72.642,78.24,61,9,5.32
278,Kotelnich,RU,2022-02-06 04:46:11,58.3089,48.348,16.48,98,100,3.47
279,Krasnoselkup,RU,2022-02-06 04:46:12,65.7,82.4667,-5.8,99,93,4.76
280,Te Anau,NZ,2022-02-06 04:46:12,-45.4167,167.7167,65.25,41,0,5.48
281,Abu Dhabi,AE,2022-02-06 04:43:20,24.4667,54.3667,66.96,64,0,18.41
282,Danjiangkou,CN,2022-02-06 04:46:13,32.5428,111.5086,42.1,37,100,11.52
283,Castlerea,IE,2022-02-06 04:46:14,53.7667,-8.5,42.03,84,100,18.99
284,Bahawalnagar,PK,2022-02-06 04:44:08,30.5508,73.3908,62.19,45,21,5.3
285,Fortuna,US,2022-02-06 04:46:14,40.5982,-124.1573,44.94,95,0,8.05
286,Pankrushikha,RU,2022-02-06 04:46:15,53.8319,80.3406,13.73,83,87,7.43
287,Nouakchott,MR,2022-02-06 04:46:15,18.0858,-15.9785,64.33,52,0,10.49
288,Huanuco,PE,2022-02-06 04:46:16,-9.9329,-76.2415,63.3,94,100,2.48
289,Busca,IT,2022-02-06 04:46:16,44.5181,7.4743,43.65,82,100,3.44
290,Necochea,AR,2022-02-06 04:41:59,-38.5473,-58.7368,60.04,82,100,21.39
291,Khandagayty,RU,2022-02-06 04:46:17,50.7333,92.05,-14.71,98,100,2.57
292,Viedma,AR,2022-02-06 04:46:18,-40.8135,-62.9967,54.3,70,0,5.95
293,Maple Creek,CA,2022-02-06 04:46:18,49.9168,-109.4848,33.85,86,68,8.05
294,Nanchang,CN,2022-02-06 04:46:19,28.6833,115.8833,42.62,73,100,9.19
295,Sur,OM,2022-02-06 04:46:19,22.5667,59.5289,76.01,37,1,5.66
296,Columbus,US,2022-02-06 04:45:01,39.9612,-82.9988,16.0,92,0,5.75
297,Hofn,IS,2022-02-06 04:46:20,64.2539,-15.2082,32.65,67,100,20.94
298,Batagay,RU,2022-02-06 04:46:21,67.6333,134.6333,-34.73,98,99,0.54
299,Vaitape,PF,2022-02-06 04:46:21,-16.5167,-151.75,80.49,76,32,18.99
300,Aswan,EG,2022-02-06 04:46:22,24.0934,32.907,51.1,57,0,9.22
301,Sakakah,SA,2022-02-06 04:46:22,29.9697,40.2064,42.37,78,3,4.23
302,San Pedro,PH,2022-02-06 04:46:23,14.35,121.0167,87.35,57,40,11.5
303,Grand Gaube,MU,2022-02-06 04:46:23,-20.0064,57.6608,81.37,75,100,13.0
304,Norman Wells,CA,2022-02-06 04:42:18,65.282,-126.8329,-25.56,68,20,2.3
305,Srednekolymsk,RU,2022-02-06 04:46:24,67.45,153.6833,-30.98,98,17,0.81
306,Fredericton,CA,2022-02-06 04:42:07,45.9454,-66.6656,2.37,81,0,3.0
307,Launceston,AU,2022-02-06 04:43:52,-41.45,147.1667,78.62,35,0,4.0
308,Westport,US,2022-02-06 04:44:48,41.1415,-73.3579,21.33,55,0,1.99
309,Chipata,ZM,2022-02-06 04:46:25,-13.6333,32.65,64.42,95,100,0.92
310,Bandarbeyla,SO,2022-02-06 04:46:26,9.4942,50.8122,76.89,67,7,9.28
311,Pachino,IT,2022-02-06 04:46:26,36.7186,15.0907,52.59,78,99,3.96
312,Nalut,LY,2022-02-06 04:46:27,30.3333,10.85,51.19,26,100,9.64
313,Pinega,RU,2022-02-06 04:46:27,64.7001,43.3936,2.98,94,50,6.96
314,Jhargram,IN,2022-02-06 04:46:28,22.45,86.9833,69.46,38,17,2.53
315,Coihaique,CL,2022-02-06 04:44:12,-45.5752,-72.0662,53.55,82,0,4.61
316,Palauig,PH,2022-02-06 04:46:29,15.435,119.9045,84.87,57,31,4.99
317,Nakuru,KE,2022-02-06 04:46:29,-0.2833,36.0667,63.39,67,99,3.33
318,Emerald,AU,2022-02-06 04:43:57,-23.5333,148.1667,89.74,27,40,11.5
319,Vestmannaeyjar,IS,2022-02-06 04:46:30,63.4427,-20.2734,28.02,78,85,21.92
320,Jiuquan,CN,2022-02-06 04:46:30,39.7432,98.5174,16.47,79,100,6.8
321,Dodge City,US,2022-02-06 04:46:31,37.7528,-100.0171,32.94,75,0,5.01
322,Gat,IL,2022-02-06 04:46:31,31.61,34.7642,53.4,100,64,5.48
323,Hare Bay,CA,2022-02-06 04:46:32,48.8499,-54.0148,22.6,93,100,20.51
324,Avera,US,2022-02-06 04:44:00,33.194,-82.5271,40.87,43,18,10.02
325,Pringsewu,ID,2022-02-06 04:46:33,-5.3582,104.9744,76.41,92,100,1.5
326,Horsham,GB,2022-02-06 04:46:33,51.064,-0.3272,50.52,83,40,18.41
327,Sinegorye,RU,2022-02-06 04:46:34,62.0788,150.477,-12.66,77,76,0.34
328,Tefe,BR,2022-02-06 04:46:34,-3.3542,-64.7114,72.68,98,100,0.67
329,Kintinku,TZ,2022-02-06 04:46:35,-5.8833,35.2333,69.37,81,100,0.45
330,Davila,PH,2022-02-06 04:46:35,18.4726,120.5763,85.98,68,23,20.6
331,Sorland,NO,2022-02-06 04:46:36,67.667,12.6934,38.01,65,85,13.44
332,Smoky Lake,CA,2022-02-06 04:46:36,54.1169,-112.4686,32.76,100,81,4.61
333,Ayorou,NE,2022-02-06 04:46:37,14.7308,0.9174,60.51,18,1,9.78
334,Gusau,NG,2022-02-06 04:46:37,12.1628,6.6614,61.27,25,0,13.18
335,Doha,QA,2022-02-06 04:46:38,25.2867,51.5333,62.58,57,0,11.5
336,Cabo San Lucas,MX,2022-02-06 04:46:38,22.8909,-109.9124,67.51,59,9,1.99
337,Golden,US,2022-02-06 04:46:39,39.7555,-105.2211,34.29,49,28,9.13
338,Safford,US,2022-02-06 04:46:39,32.834,-109.7076,47.12,28,16,1.97
339,Guilin,CN,2022-02-06 04:46:40,25.2819,110.2864,42.91,73,100,4.32
340,Havelock,US,2022-02-06 04:46:40,34.8791,-76.9013,35.98,75,3,1.99
341,Khorinsk,RU,2022-02-06 04:46:41,52.1657,109.7726,13.37,87,100,5.61
342,Kralendijk,BQ,2022-02-06 04:46:41,12.15,-68.2667,75.18,88,20,5.75
343,Dandong,CN,2022-02-06 04:46:42,40.1292,124.3947,25.57,41,9,11.07
344,Parkes,AU,2022-02-06 04:46:42,-33.1333,148.1833,82.35,29,45,1.99
345,Sola,VU,2022-02-06 04:46:43,-13.8833,167.55,81.88,81,99,19.33
346,Isangel,VU,2022-02-06 04:46:43,-19.55,169.2667,86.11,84,75,11.5
347,South River,US,2022-02-06 04:46:44,40.4465,-74.386,22.01,55,1,1.01
348,Waipawa,NZ,2022-02-06 04:46:44,-41.4122,175.5153,54.45,87,100,11.63
349,Kulhudhuffushi,MV,2022-02-06 04:46:45,6.6221,73.07,80.73,64,87,6.6
350,Mongu,ZM,2022-02-06 04:46:45,-15.2484,23.1274,65.7,97,100,4.79
351,Zhuanghe,CN,2022-02-06 04:46:46,39.7008,122.9911,29.08,32,1,14.54
352,Lekoni,GA,2022-02-06 04:46:47,-1.5843,14.2591,73.0,83,18,3.31
353,Amot,NO,2022-02-06 04:46:47,59.5714,7.9877,24.76,84,25,9.73
354,Datong,CN,2022-02-06 04:46:48,40.0936,113.2914,23.32,26,99,3.02
355,Trairi,BR,2022-02-06 04:46:48,-3.2778,-39.2689,76.08,88,10,5.7
356,Half Moon Bay,US,2022-02-06 04:46:49,37.4636,-122.4286,57.02,57,0,9.22
357,Atasu,KZ,2022-02-06 04:42:36,48.6814,71.6433,17.56,67,19,21.36
358,Celestun,MX,2022-02-06 04:46:49,20.8667,-90.4,71.33,79,73,14.79
359,Buchanan,LR,2022-02-06 04:46:50,5.8808,-10.0467,76.96,87,46,3.02
360,Bairiki,KI,2022-02-06 04:46:50,1.3292,172.9752,86.0,74,20,10.36
361,Araruama,BR,2022-02-06 04:46:51,-22.8728,-42.3431,74.05,93,91,9.98
362,Shache,CN,2022-02-06 04:46:51,38.4167,77.2406,30.06,48,93,4.61
363,Bima,ID,2022-02-06 04:46:52,-8.4667,118.7167,86.04,70,31,8.84
364,Chaykovskiy,RU,2022-02-06 04:46:52,56.7686,54.1148,21.81,95,99,3.85
365,San Cristobal,VE,2022-02-06 04:46:53,7.7669,-72.225,69.98,91,28,2.57
366,Lucapa,AO,2022-02-06 04:46:54,-8.4192,20.7447,63.01,96,96,1.3
367,Ust-Omchug,RU,2022-02-06 04:46:55,61.15,149.6333,-8.46,79,74,4.43
368,Mato Verde,BR,2022-02-06 04:46:55,-15.3972,-42.8664,69.98,94,100,2.98
369,Batagay-Alyta,RU,2022-02-06 04:46:55,67.8006,130.4114,-18.0,97,100,1.68
370,Harbin,CN,2022-02-06 04:46:56,45.75,126.65,13.95,80,66,7.99
371,Irondequoit,US,2022-02-06 04:46:13,43.2134,-77.5797,9.07,79,20,1.01
372,Raudeberg,NO,2022-02-06 04:46:57,61.9875,5.1352,36.27,85,100,11.01
373,Ingham,US,2022-02-06 04:46:58,42.6,-84.3833,16.23,83,0,12.66
374,Rio Tuba,PH,2022-02-06 04:46:58,8.5061,117.4317,83.26,72,34,22.46
375,Kirakira,SB,2022-02-06 04:46:59,-10.4544,161.9205,84.61,75,95,7.67
376,Mongoumba,CF,2022-02-06 04:46:59,3.6415,18.5936,67.6,30,99,3.09
377,Graaff-Reinet,ZA,2022-02-06 04:46:59,-32.2522,24.5308,61.92,91,2,1.72
378,Mirnyy,RU,2022-02-06 04:47:00,62.5353,113.9611,9.34,92,100,3.38
379,Saldanha,ZA,2022-02-06 04:47:00,-33.0117,17.9442,59.05,77,68,6.22
380,Adamovka,RU,2022-02-06 04:47:01,51.5223,59.9396,18.37,91,100,8.77
381,Fethiye,TR,2022-02-06 04:47:01,36.6217,29.1164,37.27,49,70,4.88
382,Kiama,AU,2022-02-06 04:42:39,-34.6833,150.8667,73.0,72,87,16.2
383,Hobyo,SO,2022-02-06 04:47:02,5.3505,48.5268,77.95,64,14,14.97
384,Gumdag,TM,2022-02-06 04:47:03,39.2061,54.5906,40.17,61,100,12.57
385,San Patricio,US,2022-02-06 04:47:03,28.017,-97.5169,44.82,68,0,4.5
386,Svetlaya,RU,2022-02-06 04:47:04,46.5389,138.3297,18.41,54,82,9.98
387,Taltal,CL,2022-02-06 04:47:04,-25.4,-70.4833,66.67,79,13,0.85
388,Marsh Harbour,BS,2022-02-06 04:47:05,26.5412,-77.0636,72.82,70,37,8.08
389,Marsa Matruh,EG,2022-02-06 04:47:06,31.3525,27.2453,48.4,76,20,9.22
390,Vanimo,PG,2022-02-06 04:47:06,-2.6741,141.3028,83.35,77,100,9.44
391,Srirampur,IN,2022-02-06 04:47:07,22.9489,88.0189,69.91,40,2,6.22
392,Dingle,PH,2022-02-06 04:47:07,10.9995,122.6711,83.53,65,98,19.1
393,Labuhan,ID,2022-02-06 04:47:08,-6.8844,112.2051,83.43,77,87,13.31
394,Ponta Delgada,PT,2022-02-06 04:47:08,37.7333,-25.6667,60.49,88,40,12.66
395,Goundam,ML,2022-02-06 04:47:09,16.4145,-3.6708,60.28,14,0,9.53
396,Taraza,CO,2022-02-06 04:47:09,7.5836,-75.4007,70.72,96,6,2.06
397,Mormugao,IN,2022-02-06 04:47:10,15.4,73.8,76.26,69,26,2.3
398,Mandera,KE,2022-02-06 04:47:10,3.9366,41.867,76.33,71,72,8.7
399,Whyalla,AU,2022-02-06 04:47:11,-33.0333,137.5833,89.49,19,29,9.22
400,Vostok,RU,2022-02-06 04:47:11,46.4856,135.8833,2.55,86,100,6.26
401,Antofagasta,CL,2022-02-06 04:44:11,-23.65,-70.4,63.68,77,24,2.44
402,Saint Anthony,US,2022-02-06 04:45:07,45.0205,-93.218,25.03,81,0,1.01
403,Bontang,ID,2022-02-06 04:47:12,0.1333,117.5,84.27,68,100,12.3
404,Kaitangata,NZ,2022-02-06 04:47:13,-46.2817,169.8464,55.92,58,27,7.05
405,Naze,JP,2022-02-06 04:47:13,28.3667,129.4833,54.52,62,98,14.25
406,Mana,GF,2022-02-06 04:47:14,5.6592,-53.7767,76.71,89,100,8.37
407,Kutum,SD,2022-02-06 04:47:14,14.2,24.6667,46.24,30,66,10.09
408,Kuching,MY,2022-02-06 04:47:15,1.55,110.3333,91.62,62,40,3.44
409,Lahat,ID,2022-02-06 04:43:20,-3.8,103.5333,75.47,94,100,3.0
410,The Pas,CA,2022-02-06 04:47:15,53.8251,-101.2541,-3.98,71,100,4.61
411,Jipijapa,EC,2022-02-06 04:47:16,-1.3333,-80.5833,72.9,92,88,2.93
412,La Ronge,CA,2022-02-06 04:47:16,55.1001,-105.2842,-3.75,71,100,1.14
413,Utete,TZ,2022-02-06 04:47:17,-7.986,38.758,76.3,81,100,3.11
414,Amboasary,MG,2022-02-06 04:47:17,-25.0333,46.3833,76.84,89,100,24.76
415,Ranong,TH,2022-02-06 04:47:18,9.9658,98.6348,85.93,53,85,6.71
416,Okakarara,NA,2022-02-06 04:47:18,-20.5833,17.4333,64.27,91,96,4.74
417,Moyale,KE,2022-02-06 04:47:19,3.5167,39.0584,72.63,28,99,4.65
418,Ginir,ET,2022-02-06 04:47:19,7.1333,40.7,64.42,18,17,3.18
419,Lovozero,RU,2022-02-06 04:47:20,68.005,35.0117,11.32,92,100,10.42
420,Mildura,AU,2022-02-06 04:47:20,-34.2,142.15,87.08,23,40,11.5
421,Nishihara,JP,2022-02-06 04:47:21,26.1842,127.7558,62.65,53,75,16.11
422,Marawi,PH,2022-02-06 04:47:21,7.9986,124.2928,72.64,59,59,8.7
423,Lompoc,US,2022-02-06 04:47:22,34.6391,-120.4579,57.51,80,0,4.61
424,Charters Towers,AU,2022-02-06 04:47:23,-20.1,146.2667,88.11,32,0,9.26
425,Santa Clara,CU,2022-02-06 04:47:23,22.4,-79.9667,64.06,88,1,4.61
426,Nemuro,JP,2022-02-06 04:47:24,43.3236,145.575,27.03,63,99,24.58
427,Sainte-Maxime,FR,2022-02-06 04:47:24,43.3,6.6333,46.44,67,0,5.61
428,Ust-Nera,RU,2022-02-06 04:47:25,64.5667,143.2,-13.88,79,40,1.3
429,Pisco,PE,2022-02-06 04:47:25,-13.7,-76.2167,68.05,88,0,4.61
430,Chiredzi,ZW,2022-02-06 04:47:26,-21.05,31.6667,69.8,88,76,8.72
431,Talnakh,RU,2022-02-06 04:47:26,69.4865,88.3972,-18.96,99,99,1.28
432,Palmares Do Sul,BR,2022-02-06 04:47:27,-30.2578,-50.5097,72.09,89,61,4.9
433,Acari,PE,2022-02-06 04:47:27,-15.4311,-74.6158,72.39,77,34,2.8
434,Cockburn Town,TC,2022-02-06 04:47:27,21.4612,-71.1419,76.01,66,0,18.05
435,Swan Hill,AU,2022-02-06 04:47:28,-35.3378,143.5544,85.03,21,15,12.88
436,Talas,TR,2022-02-06 04:47:28,38.6908,35.5538,18.27,86,20,4.61
437,Andenes,NO,2022-02-06 04:47:29,69.3143,16.1194,33.78,93,100,21.85
438,Kargil,IN,2022-02-06 04:47:29,34.5667,76.1,1.81,89,100,2.37
439,Ghanzi,BW,2022-02-06 04:47:30,-21.5667,21.7833,67.71,83,91,8.59
440,Yar-Sale,RU,2022-02-06 04:47:30,66.8333,70.8333,-16.44,100,91,4.14
441,Hvittingfoss,NO,2022-02-06 04:47:31,59.4833,10.0167,36.12,44,1,3.0
442,Eureka,US,2022-02-06 04:46:27,40.8021,-124.1637,45.21,86,6,2.59
443,Gobabis,NA,2022-02-06 04:47:32,-22.45,18.9667,67.03,78,100,6.69
444,Esperance,AU,2022-02-06 04:47:32,-33.8667,121.9,103.84,34,14,9.78
445,Alice Springs,AU,2022-02-06 04:43:31,-23.7,133.8833,83.75,24,0,9.22
446,Dalvik,IS,2022-02-06 04:47:33,65.9702,-18.5286,28.33,95,100,22.77
447,Los Alamos,US,2022-02-06 04:47:35,35.8881,-106.307,28.18,54,0,1.99
448,Matoury,GF,2022-02-06 04:47:36,4.8483,-52.3317,80.02,88,100,4.61
449,Leh,IN,2022-02-06 04:47:36,34.1667,77.5833,7.36,78,99,1.81
450,Rawson,AR,2022-02-06 04:47:37,-43.3002,-65.1023,59.72,57,75,12.1
451,Dubbo,AU,2022-02-06 04:47:29,-32.25,148.6167,78.93,36,75,14.97
452,Tignere,CM,2022-02-06 04:47:38,7.3667,12.65,59.05,23,1,2.75
453,La Palma,US,2022-02-06 04:47:38,33.8464,-118.0467,64.11,48,0,0.0
454,Mingshui,CN,2022-02-06 04:47:39,36.7167,117.5,37.98,26,100,2.21
455,Merauke,ID,2022-02-06 04:47:39,-8.4667,140.3333,86.02,67,100,8.55
456,Veraval,IN,2022-02-06 04:47:40,20.9,70.3667,71.78,53,1,4.47
457,Kismayo,SO,2022-02-06 04:47:40,-0.3582,42.5454,79.65,73,85,15.7
458,Raahe,FI,2022-02-06 04:47:41,64.6833,24.4833,25.2,90,6,12.12
459,Bani,DO,2022-02-06 04:47:41,18.2833,-70.3333,71.74,77,9,9.75
460,Parrita,CR,2022-02-06 04:47:42,9.5201,-84.3225,80.37,68,12,4.63
461,Portree,GB,2022-02-06 04:47:42,57.4129,-6.1942,42.85,91,99,24.87
462,Tiksi,RU,2022-02-06 04:47:43,71.6872,128.8694,-23.1,98,98,5.59
463,Paraiso,CR,2022-02-06 04:47:43,9.8383,-83.8656,65.26,89,29,3.2
464,Glubokiy,RU,2022-02-06 04:47:44,48.5217,40.3258,24.84,93,100,6.35
465,Yulara,AU,2022-02-06 04:47:33,-25.2406,130.9889,87.64,15,0,8.05
466,Beni Suef,EG,2022-02-06 04:47:45,29.0731,31.0979,46.94,83,0,2.01
467,Halmstad,SE,2022-02-06 04:47:45,56.6745,12.8568,43.14,94,100,11.5
468,Carutapera,BR,2022-02-06 04:47:46,-1.195,-46.02,75.36,93,100,5.06
469,Itoman,JP,2022-02-06 04:46:39,26.1247,127.6694,63.37,54,40,16.11
470,Shieli,KZ,2022-02-06 04:47:46,44.1667,66.75,36.16,78,100,16.71
471,Oksfjord,NO,2022-02-06 04:47:47,70.2396,22.3479,31.12,84,80,14.85
472,Chaohu,CN,2022-02-06 04:47:47,31.6,117.8667,41.11,35,100,12.66
473,Atambua,ID,2022-02-06 04:47:48,-9.1061,124.8925,82.96,66,26,6.55
474,Saint-Ambroise,CA,2022-02-06 04:47:48,48.5501,-71.3324,-5.31,99,49,1.1
475,Lata,PT,2022-02-06 04:47:49,40.1629,-8.3327,48.06,68,0,5.48
476,Tilichiki,RU,2022-02-06 04:47:50,60.4667,166.1,-6.52,79,2,8.52
477,Mezinovskiy,RU,2022-02-06 04:47:50,55.5042,40.3593,-3.84,100,100,4.83
478,Waterloo,CA,2022-02-06 04:47:51,43.4668,-80.5164,12.83,83,100,7.0
479,Guerrero Negro,MX,2022-02-06 04:46:14,27.9769,-114.0611,60.21,57,0,9.91
480,Richards Bay,ZA,2022-02-06 04:47:52,-28.783,32.0377,72.73,86,83,7.05
481,Cairns,AU,2022-02-06 04:47:38,-16.9167,145.7667,89.06,67,75,12.66
482,Gimli,CA,2022-02-06 04:47:53,50.6336,-96.9907,3.22,85,99,8.05
483,Turinsk,RU,2022-02-06 04:47:53,58.0458,63.696,13.26,91,100,4.29
484,Houston,US,2022-02-06 04:45:00,29.7633,-95.3633,40.87,67,0,1.99
485,Zaragoza,ES,2022-02-06 04:47:44,41.6561,-0.8773,40.01,61,0,5.99
486,Tessalit,ML,2022-02-06 04:47:54,20.1986,1.0114,57.16,18,24,10.07
487,Nuevo Progreso,MX,2022-02-06 04:47:55,23.1667,-97.95,52.59,54,0,2.82
488,Lagoa,PT,2022-02-06 04:47:55,39.05,-27.9833,58.86,75,3,16.82
489,Paris,FR,2022-02-06 04:46:03,48.8534,2.3488,47.17,86,100,8.01
490,Tarnogskiy Gorodok,RU,2022-02-06 04:47:56,60.4997,43.5761,11.37,97,100,3.56
491,Lhokseumawe,ID,2022-02-06 04:47:57,5.1801,97.1507,86.05,65,62,6.55
492,Ocumare Del Tuy,VE,2022-02-06 04:47:57,10.1165,-66.7761,77.13,98,29,3.09
493,Samarai,PG,2022-02-06 04:47:58,-10.6167,150.6667,85.03,73,100,10.6
494,Vancouver,CA,2022-02-06 04:46:30,49.2497,-123.1193,43.75,94,100,3.0
495,Tongchuan,CN,2022-02-06 04:47:58,35.0806,109.0897,28.72,84,100,8.48
496,Amga,RU,2022-02-06 04:47:59,60.8953,131.9608,-10.62,89,100,1.54
497,Barcelos,PT,2022-02-06 04:46:17,41.5388,-8.6151,47.84,76,22,5.08
498,Glendive,US,2022-02-06 04:48:00,47.1053,-104.7125,33.42,75,75,24.16
499,Bam,IR,2022-02-06 04:48:00,29.106,58.357,52.38,32,37,6.91
500,Teya,RU,2022-02-06 04:48:01,60.3778,92.6267,12.7,91,99,2.89
501,Kandrian,PG,2022-02-06 04:47:41,-6.2167,149.55,88.72,61,100,7.65
502,Pyaozerskiy,RU,2022-02-06 04:48:01,65.8333,31.1667,18.93,93,100,9.6
503,Ilheus,BR,2022-02-06 04:48:02,-14.7889,-39.0494,73.11,85,91,3.2
504,Roald,NO,2022-02-06 04:45:12,62.5833,6.1333,36.91,93,100,26.46
505,Wamba,NG,2022-02-06 04:48:03,8.9333,8.6,67.23,25,0,3.69
506,Soubre,CI,2022-02-06 04:48:03,5.7856,-6.6083,72.01,98,41,1.25
507,Sobolevo,RU,2022-02-06 04:48:04,54.4299,31.8996,30.58,92,97,11.16
508,Medicine Hat,CA,2022-02-06 04:48:04,50.0501,-110.6683,38.91,81,100,1.01
509,Miri,MY,2022-02-06 04:48:05,4.4148,114.0089,86.14,70,40,4.61
510,Boaco,NI,2022-02-06 04:48:05,12.4722,-85.6586,71.44,89,8,8.59
511,Monze,ZM,2022-02-06 04:48:06,-16.2833,27.4833,64.76,98,100,7.99
512,Okhotsk,RU,2022-02-06 04:48:06,59.3833,143.3,3.31,68,34,13.47
513,Altay,CN,2022-02-06 04:48:07,47.8667,88.1167,17.96,62,0,4.97
514,Vlore,AL,2022-02-06 04:48:07,40.4667,19.4897,50.86,71,95,6.15
515,Aanekoski,FI,2022-02-06 04:48:08,62.6946,25.818,26.67,98,50,5.95
516,Bethel,US,2022-02-06 04:43:53,41.3712,-73.414,18.48,66,0,5.75
517,Arrifes,PT,2022-02-06 04:48:08,37.7667,-25.7,58.23,88,40,12.66
518,Bonthe,SL,2022-02-06 04:48:09,7.5264,-12.505,74.3,88,28,1.32
519,San Policarpo,PH,2022-02-06 04:48:09,12.1791,125.5072,82.54,70,77,18.45
520,Coos Bay,US,2022-02-06 04:46:45,43.3665,-124.2179,46.99,100,0,4.61
521,Gazanjyk,TM,2022-02-06 04:48:10,39.2446,55.5154,37.96,70,100,5.53
522,Lar,IN,2022-02-06 04:48:11,26.2039,83.9717,61.99,64,0,5.28
523,Kigali,RW,2022-02-06 04:48:11,-1.95,30.0588,60.28,100,75,2.3
524,Tiznit,MA,2022-02-06 04:48:12,29.5833,-9.5,59.16,23,49,5.53
525,Vrangel,RU,2022-02-06 04:48:12,42.7297,133.0839,18.16,44,1,16.28
526,Tubuala,PA,2022-02-06 04:48:13,9.5167,-79.0333,77.32,78,10,13.24
527,Florestopolis,BR,2022-02-06 04:48:13,-22.8633,-51.3872,75.61,96,99,5.73
528,Shimsk,RU,2022-02-06 04:48:13,58.212,30.7127,30.13,91,100,7.29
529,Strezhevoy,RU,2022-02-06 04:48:14,60.7333,77.5889,17.58,96,100,5.37
530,Weiser,US,2022-02-06 04:48:14,44.251,-116.9693,29.48,85,81,3.15
531,Santa Isabel Do Rio Negro,BR,2022-02-06 04:48:15,-0.4139,-65.0192,74.57,91,100,2.06
532,Little Current,CA,2022-02-06 04:48:16,45.9793,-81.9248,23.09,94,100,11.88
533,Carbonia,IT,2022-02-06 04:48:16,39.1672,8.5222,50.0,83,100,6.06
534,Shimanovsk,RU,2022-02-06 04:48:17,52.0,127.7,7.74,68,75,6.02
535,Yerbogachen,RU,2022-02-06 04:48:17,61.2767,108.0108,13.89,91,100,5.3
536,Bolu,TR,2022-02-06 04:48:18,40.6667,31.5833,29.05,80,80,1.19
537,Banda Aceh,ID,2022-02-06 04:48:18,5.5577,95.3222,85.6,61,89,1.66
538,Padang,ID,2022-02-06 04:46:26,-0.9492,100.3543,87.85,79,100,1.01
539,Sandnessjoen,NO,2022-02-06 04:48:19,66.0217,12.6316,31.98,82,100,5.01
540,Panama City,PA,2022-02-06 04:45:17,8.9936,-79.5197,77.94,78,20,3.0
541,Raduzhnyy,RU,2022-02-06 04:48:20,62.0961,77.475,9.63,95,100,5.88
542,Asfi,MA,2022-02-06 04:48:20,32.2994,-9.2372,55.76,83,39,16.67
543,Novopokrovka,UA,2022-02-06 04:48:21,49.8425,36.5477,28.78,96,100,7.67
544,Mbarara,UG,2022-02-06 04:48:21,-0.608,30.65,64.83,78,100,1.74
545,Alofi,NU,2022-02-06 04:48:22,-19.0595,-169.9187,73.29,100,100,4.61
546,Tabatinga,BR,2022-02-06 04:48:22,-4.2525,-69.9381,73.49,100,40,2.3
547,Paducah,US,2022-02-06 04:48:23,37.0834,-88.6001,25.39,86,0,0.0
548,Nuuk,GL,2022-02-06 04:48:23,64.1835,-51.7216,5.61,85,100,0.0
549,Barra Do Garcas,BR,2022-02-06 04:48:24,-15.89,-52.2567,72.88,92,100,3.44
550,Asyut,EG,2022-02-06 04:47:39,27.181,31.1837,42.98,69,0,5.99
551,Abu Kamal,SY,2022-02-06 04:48:25,34.4506,40.9171,45.66,66,9,7.92
552,Brae,GB,2022-02-06 04:48:25,60.3964,-1.353,39.11,55,92,27.85
553,Constitucion,CL,2022-02-06 04:48:26,-35.3333,-72.4167,62.22,61,0,6.6
554,Hailar,CN,2022-02-06 04:48:26,49.2,119.7,6.49,78,99,7.74
555,Beringovskiy,RU,2022-02-06 04:48:27,63.05,179.3167,-12.39,95,66,12.3
556,Katangli,RU,2022-02-06 04:48:27,51.7102,143.2326,8.74,84,100,17.98
557,San Quintin,MX,2022-02-06 04:48:28,30.4833,-115.95,56.28,47,0,5.39
558,Praia Da Vitoria,PT,2022-02-06 04:48:28,38.7333,-27.0667,57.45,94,40,15.57
559,Zielona Gora,PL,2022-02-06 04:48:29,51.9355,15.5064,37.17,44,100,17.25
560,Meulaboh,ID,2022-02-06 04:44:49,4.1363,96.1285,85.06,63,87,5.59
561,Ciudad Bolivar,VE,2022-02-06 04:48:30,8.1222,-63.5497,78.28,70,88,12.62
562,Sofia,BG,2022-02-06 04:48:30,42.6975,23.3242,35.29,75,40,9.22
563,Hervey Bay,AU,2022-02-06 04:45:10,-25.2986,152.8535,82.51,60,48,24.99
564,Alabaster,US,2022-02-06 04:48:31,33.2443,-86.8164,33.73,78,0,0.0
565,Eyrarbakki,IS,2022-02-06 04:48:31,63.863,-21.1481,32.05,78,92,13.22
566,Okha,RU,2022-02-06 04:48:32,53.5739,142.9478,3.02,88,100,19.95
567,San Rafael Del Sur,NI,2022-02-06 04:48:32,11.8485,-86.4384,74.37,66,18,15.88
568,Clyde River,CA,2022-02-06 04:48:33,70.4692,-68.5914,-30.77,75,20,3.44
569,Madison,US,2022-02-06 04:48:34,34.7334,-86.5667,31.39,74,0,10.0
570,Camacha,PT,2022-02-06 04:48:34,33.0833,-16.3333,61.56,77,40,25.32
571,Luderitz,NA,2022-02-06 04:48:34,-26.6481,15.1594,66.25,82,87,3.47
572,Koumac,NC,2022-02-06 04:48:35,-20.5667,164.2833,77.41,94,100,6.62
573,Tommot,RU,2022-02-06 04:48:35,58.9564,126.2925,4.66,86,99,2.93
574,Ostrovnoy,RU,2022-02-06 04:48:36,68.0531,39.5131,13.35,82,100,28.61
575,Lumby,CA,2022-02-06 04:48:36,50.2498,-118.969,33.73,94,78,2.3
576,Orlik,RU,2022-02-06 04:48:37,52.5178,99.825,11.73,69,94,2.59
577,Petropavlovsk-Kamchatskiy,RU,2022-02-06 04:48:37,53.0452,158.6483,28.99,80,100,20.13
578,Margate,GB,2022-02-06 04:48:38,51.3813,1.3862,50.97,77,100,10.0
579,Sept-Iles,CA,2022-02-06 04:48:39,50.2001,-66.3821,-5.28,49,0,4.61
580,Rebrikha,RU,2022-02-06 04:48:39,53.0733,82.3408,13.17,90,20,5.91
581,Wanning,CN,2022-02-06 04:48:39,18.8003,110.3967,72.18,74,97,12.06
582,Ust-Kulom,RU,2022-02-06 04:48:40,61.6864,53.6902,4.26,95,36,5.26
583,Los Llanos De Aridane,ES,2022-02-06 04:48:41,28.6585,-17.9182,64.13,31,0,11.99
584,Black Forest,US,2022-02-06 04:48:41,39.0131,-104.7008,33.8,53,0,3.0
585,Nome,US,2022-02-06 04:48:42,64.5011,-165.4064,-0.33,60,0,3.44
586,Minas,UY,2022-02-06 04:48:42,-34.3759,-55.2377,63.52,90,82,8.97
587,Calama,CL,2022-02-06 04:48:43,-22.4667,-68.9333,48.69,23,0,10.36
588,Roseburg,US,2022-02-06 04:48:43,43.2165,-123.3417,45.18,89,0,0.0
589,Sangar,RU,2022-02-06 04:48:44,63.9242,127.4739,-26.55,95,100,4.99
590,Ambilobe,MG,2022-02-06 04:48:45,-13.2,49.05,77.49,86,99,3.33
591,Rio Gallegos,AR,2022-02-06 04:48:45,-51.6226,-69.2181,55.45,71,0,5.75
592,Ganzhou,CN,2022-02-06 04:48:46,28.8184,115.4327,41.14,74,100,6.02
593,Deputatskiy,RU,2022-02-06 04:48:19,69.3,139.9,-29.96,98,93,3.22
594,Valparaiso,CL,2022-02-06 04:48:46,-33.0393,-71.6273,66.47,77,0,4.61
595,Sterling,US,2022-02-06 04:48:47,39.0062,-77.4286,26.46,72,0,0.0
596,Bahia De Caraquez,EC,2022-02-06 04:48:47,-0.6,-80.4167,77.18,86,82,4.65
597,Semnan,IR,2022-02-06 04:48:48,35.5729,53.3971,31.84,55,20,2.3
598,Aleksandrovskiy Zavod,RU,2022-02-06 04:48:48,50.9237,117.9374,9.99,70,90,3.11
